ProductID,Product Name
1,Product_1
2,Product_2
3,Product_3
4,Product_4
5,Product_5
6,Product_6
7,Product_7
8,Product_8
9,Product_9
10,Product_10
11,Product_11
12,Product_12
13,Product_13
14,Product_14
15,Product_15
16,Product_16
17,Product_17
18,Product_18
19,Product_19
20,Product_20
21,Product_21
22,Product_22
23,Product_23
24,Product_24
25,Product_25
26,Product_26
27,Product_27
28,Product_28
29,Product_29
30,Product_30
31,Product_31
32,Product_32
33,Product_33
34,Product_34
35,Product_35
36,Product_36
37,Product_37
38,Product_38
39,Product_39
40,Product_40
41,Product_41
42,Product_42
43,Product_43
44,Product_44
45,Product_45
46,Product_46
47,Product_47
48,Product_48
49,Product_49
50,Product_50
51,Product_51
52,Product_52
53,Product_53
54,Product_54
55,Product_55
56,Product_56
57,Product_57
58,Product_58
59,Product_59
60,Product_60
61,Product_61
62,Product_62
63,Product_63
64,Product_64
65,Product_65
66,Product_66
67,Product_67
68,Product_68
69,Product_69
70,Product_70
71,Product_71
72,Product_72
73,Product_73
74,Product_74
75,Product_75
76,Product_76
77,Product_77
78,Product_78
79,Product_79
80,Product_80
81,Product_81
82,Product_82
83,Product_83
84,Product_84
85,Product_85
86,Product_86
87,Product_87
88,Product_88
89,Product_89
90,Product_90
91,Product_91
92,Product_92
93,Product_93
94,Product_94
95,Product_95
96,Product_96
97,Product_97
98,Product_98
99,Product_99
100,Product_100
